,Nose_x,Nose_y,P0,Neck_x,Neck_y,P1,RShoulder_x,RShoulder_y,P2,RElbow_x,RElbow_y,P3,RWrist_x,RWrist_y,P4,LShoulder_x,LShoulder_y,P5,LElbow_x,LElbow_y,P6,LWrist_x,LWrist_y,P7,MidHip_x,MidHip_y,P8,RHip_x,RHip_y,P9,RKnee_x,RKnee_y,P10,RAnkle_x,RAnkle_y,P11,LHip_x,LHip_y,P12,LKnee_x,LKnee_y,P13,LAnkle_x,LAnkle_y,P14,REye_x,REye_y,P15,LEye_x,LEye_y,P16,REar_x,REar_y,P17,LEar_x,LEar_y,P18,LBigToe_x,LBigToe_y,P19,LSmallToe_x,LSmallToe_y,P20,LHeel_x,LHeel_y,P21,RBigToe_x,RBigToe_y,P22,RSmallToe_x,RSmallToe_y,P23,RHeel_x,RHeel_y,P24
0,627.514,177.075,0.566277,624.612,224.211,0.912932,589.122,227.177,0.812621,547.963,271.212,0.886486,512.612,330.146,0.815808,668.669,221.334,0.866927,703.906,247.881,0.593957,,,0.396844,639.184,362.559,0.829077,609.767,365.37,0.802814,598.067,456.617,0.901441,586.246,539.173,0.792713,665.728,362.477,0.823594,686.214,447.832,0.780115,715.656,539.108,0.852336,621.62,174.005,0.58193,639.172,171.222,0.539003,,,0.498258,,,0.459781,695.23,553.977,0.74961,715.677,553.919,0.798379,718.731,550.762,0.787092,577.296,556.848,0.764778,562.652,553.759,0.768531,597.82,550.903,0.784896
1,,,0.425587,556.869,253.579,0.851041,521.441,262.446,0.812545,477.321,306.63,0.850537,442.031,362.566,0.868667,600.852,247.806,0.884648,642.051,274.261,0.786223,627.522,312.458,0.767468,574.575,386.163,0.850698,550.86,389.028,0.840074,550.769,480.328,0.875581,547.868,553.961,0.857694,600.946,386.025,0.833847,624.417,468.444,0.843081,668.476,553.903,0.862798,,,0.366415,,,0.416058,,,0.269138,,,0.45503,650.934,577.36,0.780885,668.627,574.521,0.83859,671.612,562.644,0.735842,533.317,577.386,0.777061,527.229,574.39,0.814126,550.935,565.65,0.779939
2,545.015,218.356,0.50656,553.992,250.766,0.885777,521.4,262.406,0.81523,477.359,306.595,0.855766,442.058,362.566,0.862148,597.944,247.771,0.896955,642.17,274.244,0.858199,630.349,315.28,0.819499,574.541,388.973,0.868804,550.862,389.126,0.842297,550.794,480.317,0.87997,547.878,553.919,0.864557,600.881,386.123,0.859016,624.488,471.439,0.846173,668.505,556.768,0.877439,,,0.444224,550.933,206.495,0.513987,,,0.252228,571.457,209.519,0.516988,648.064,577.465,0.789825,668.529,577.333,0.817711,671.681,565.632,0.775592,536.148,577.294,0.780878,527.265,574.299,0.807078,550.944,565.599,0.778764
3,,,0.282899,544.933,274.258,0.851351,503.767,283.009,0.826129,459.522,327.159,0.87148,430.257,386.092,0.872524,577.539,271.327,0.86865,624.433,300.763,0.86777,627.401,341.854,0.857377,556.885,406.638,0.817629,533.215,409.545,0.838639,533.217,497.931,0.84333,536.156,574.512,0.86837,586.16,403.66,0.763433,609.717,483.203,0.855141,651.066,565.653,0.807243,,,0.288245,,,0.266962,,,0.305493,,,0.313262,642.158,595.04,0.798673,653.935,592.028,0.756177,668.503,574.291,0.796047,524.411,594.98,0.730322,512.636,586.175,0.709248,550.737,580.365,0.815356
4,,,0.271985,544.966,274.269,0.853082,503.824,283.037,0.83249,459.535,324.3,0.878178,430.257,386.102,0.87684,577.523,271.333,0.870074,624.433,300.753,0.869665,627.411,341.873,0.857974,556.873,406.641,0.820994,533.202,409.54,0.840808,533.221,497.925,0.842718,536.157,574.525,0.868434,583.338,403.659,0.765074,609.748,483.218,0.851336,651.064,565.652,0.80974,,,0.268308,,,0.252791,,,0.265176,,,0.333509,642.174,595.001,0.797701,653.961,589.158,0.753513,668.49,571.531,0.79834,524.403,594.991,0.731259,512.622,586.188,0.710791,550.745,580.379,0.817825
5,,,0.284449,544.939,274.235,0.857363,503.806,280.13,0.832023,459.552,324.299,0.878432,430.259,386.066,0.871373,577.513,271.32,0.87214,624.428,300.752,0.871274,627.404,341.85,0.8591,556.874,406.638,0.821652,533.209,409.536,0.8414,533.222,497.926,0.842736,536.159,574.512,0.868472,583.332,403.657,0.767482,609.768,483.229,0.851308,651.07,565.63,0.809289,,,0.281259,,,0.265106,,,0.281132,,,0.327386,642.17,595.005,0.803137,653.958,589.163,0.75759,668.494,571.517,0.79878,524.42,594.966,0.732262,512.648,586.158,0.7107,550.739,580.363,0.81769
6,521.436,250.706,0.532293,533.276,291.841,0.920468,497.877,294.776,0.872586,456.723,339.088,0.90315,430.249,391.904,0.844322,574.522,288.833,0.882636,624.457,312.518,0.906319,642.095,359.49,0.83212,556.874,409.704,0.858554,533.229,412.616,0.840653,542.073,497.883,0.799653,550.761,571.443,0.888668,583.278,409.501,0.817399,609.795,483.283,0.853543,662.764,571.495,0.80961,512.574,247.608,0.537559,527.333,244.869,0.588305,,,0.312547,547.907,244.919,0.547027,645.041,598.087,0.8614,662.696,597.916,0.78379,671.58,577.274,0.787313,539.149,589.193,0.698352,527.443,580.397,0.792998,553.832,574.508,0.825587
7,,,0.47696,533.301,291.822,0.911542,497.915,294.748,0.870871,456.732,339.09,0.898935,430.241,391.917,0.841016,574.545,288.832,0.878987,624.462,312.516,0.898232,642.091,359.472,0.822953,556.879,409.705,0.85034,533.238,412.624,0.833414,542.08,497.858,0.797016,550.761,571.445,0.889367,583.276,409.497,0.811408,609.744,483.246,0.85666,662.737,571.442,0.798719,,,0.493674,527.362,244.904,0.530016,,,0.339078,547.885,247.618,0.501142,645.017,598.07,0.862324,662.682,597.895,0.778043,671.573,574.505,0.776537,539.136,589.188,0.696749,527.437,580.391,0.792934,553.834,574.515,0.826641
8,533.344,262.473,0.588014,550.839,294.741,0.95165,506.761,297.862,0.865896,471.442,341.903,0.842818,442.036,389.165,0.835351,589.17,291.751,0.854655,647.93,318.523,0.919697,668.502,365.47,0.873037,574.546,409.556,0.902139,550.95,412.492,0.889104,556.818,489.068,0.842532,574.363,553.915,0.922764,600.853,406.585,0.835926,624.645,480.37,0.890513,674.546,547.881,0.805678,530.217,250.685,0.609538,547.869,247.892,0.614311,,,0.34149,559.722,247.854,0.586007,671.498,580.375,0.879083,692.029,574.554,0.878202,689.161,547.878,0.65543,568.512,574.457,0.761657,553.878,574.313,0.789865,580.262,559.777,0.783803
9,533.183,262.468,0.578825,550.862,294.729,0.951244,506.79,297.845,0.869615,471.414,341.911,0.839008,442.015,391.903,0.833065,589.173,291.738,0.851087,647.936,318.522,0.919353,668.5,365.479,0.87267,574.549,409.578,0.898774,550.949,412.512,0.884827,556.821,489.066,0.841157,574.372,553.909,0.921982,600.856,406.613,0.837542,624.633,480.375,0.891381,674.533,545.052,0.802083,527.437,250.694,0.575625,544.923,247.891,0.589417,,,0.267441,556.857,247.839,0.59657,671.493,580.379,0.879128,692.027,577.254,0.875545,689.161,545.02,0.651767,568.499,574.452,0.756011,553.881,574.306,0.785072,580.271,559.77,0.78255
10,533.204,262.455,0.568805,550.861,294.728,0.952371,506.78,297.841,0.871388,471.413,341.913,0.838717,442.041,389.152,0.833744,589.177,291.738,0.852875,647.906,318.515,0.922984,668.49,365.456,0.871251,574.545,409.568,0.901103,550.954,412.501,0.887424,556.821,489.072,0.841978,574.368,553.914,0.922413,600.846,406.603,0.837365,624.64,480.372,0.891773,674.551,547.864,0.802854,527.449,250.682,0.570707,544.946,247.88,0.581698,,,0.281231,556.86,247.839,0.588983,671.493,580.395,0.87619,692.029,577.269,0.874092,689.167,545.03,0.655574,568.502,574.451,0.759724,553.879,574.306,0.787634,580.268,559.776,0.783019
11,,,0.332671,597.958,286.025,0.889395,553.966,291.844,0.895953,524.302,336.033,0.85031,500.802,386.103,0.85359,633.313,277.184,0.825284,695.079,315.456,0.944834,727.526,362.638,0.820744,624.449,394.95,0.854846,600.952,403.682,0.848024,612.703,471.371,0.776113,642.164,527.261,0.8523,647.986,391.899,0.858022,677.456,465.51,0.810448,736.232,512.671,0.81653,,,0.355029,,,0.355309,,,0.352274,,,0.451459,724.5,553.752,0.82267,742.12,547.932,0.853187,742.107,509.772,0.760106,624.424,533.241,0.561364,621.508,530.286,0.571856,650.949,527.368,0.713924
12,,,0.351605,597.985,286.032,0.891852,553.998,291.845,0.892561,524.288,336.039,0.849046,500.788,386.132,0.851324,636.186,277.207,0.823074,695.065,315.446,0.940806,727.454,362.556,0.818195,624.447,394.949,0.856166,600.95,403.681,0.84984,612.699,471.403,0.777758,642.165,527.299,0.853694,647.985,391.898,0.859326,677.455,465.505,0.811784,736.241,512.678,0.818221,,,0.369636,,,0.377372,,,0.344039,,,0.476165,724.507,553.752,0.82139,742.125,547.932,0.851988,742.12,512.58,0.757167,624.436,533.293,0.552884,621.515,530.335,0.562413,650.949,527.394,0.709657
13,,,0.48449,627.501,283.106,0.84805,594.966,291.71,0.870256,553.75,339.019,0.926436,530.366,391.953,0.834033,668.682,274.332,0.865547,733.416,315.421,0.861649,765.816,362.62,0.880488,659.825,386.179,0.844038,642.007,389.105,0.835152,645.209,459.508,0.947225,686.281,500.908,0.84026,680.406,385.967,0.812732,715.591,456.798,0.862465,768.717,506.663,0.87133,,,0.458201,624.403,244.859,0.544158,,,0.315988,644.925,244.855,0.652878,762.847,539.164,0.77504,780.468,533.188,0.728289,783.457,503.858,0.779933,677.434,521.5,0.694287,668.709,515.599,0.720321,695.11,503.651,0.743818
14,,,0.488298,627.505,285.915,0.848175,594.968,291.71,0.87078,553.751,339.016,0.926539,530.364,391.95,0.835089,668.683,274.335,0.865265,736.195,315.437,0.862107,765.816,362.62,0.880593,659.827,386.18,0.844405,642.009,389.105,0.835916,645.208,459.509,0.946959,686.28,500.905,0.840045,680.407,385.968,0.813018,715.591,456.798,0.862524,768.717,506.662,0.871257,,,0.460929,624.397,244.857,0.549198,,,0.312878,644.925,244.856,0.65753,762.848,539.163,0.774958,780.469,533.187,0.728288,783.457,503.858,0.779877,677.437,521.492,0.694938,668.713,515.593,0.721611,695.109,503.648,0.743529
15,,,0.459878,627.518,285.939,0.849016,594.973,291.718,0.871873,553.746,339.011,0.923833,530.371,391.909,0.834224,668.724,277.123,0.860154,736.22,315.45,0.865202,765.824,362.633,0.878557,662.657,388.883,0.843863,642.025,389.113,0.836884,645.2,456.828,0.94428,686.264,500.901,0.838921,680.419,385.982,0.813837,715.599,456.805,0.86325,768.719,506.667,0.871711,,,0.439395,624.51,244.868,0.510901,,,0.333517,644.995,244.887,0.643267,762.86,539.146,0.784191,780.485,533.171,0.737221,783.448,503.865,0.784769,677.421,521.487,0.69374,668.698,515.58,0.720569,695.096,503.648,0.745395
16,,,0.456935,627.516,285.92,0.847065,594.976,291.711,0.8692,553.757,339.001,0.921716,530.38,389.159,0.837456,668.715,274.34,0.862193,736.212,315.442,0.863829,765.814,362.614,0.880818,659.822,386.157,0.844299,639.234,389.073,0.838547,645.197,456.837,0.946618,686.284,503.651,0.845759,680.408,385.948,0.808893,715.582,456.799,0.862418,768.72,506.657,0.878001,,,0.443745,624.557,244.865,0.501146,,,0.350132,645.023,244.879,0.623291,762.873,545.044,0.77884,780.508,536.152,0.717114,786.226,503.82,0.791465,674.599,524.306,0.698842,668.698,515.611,0.721305,695.113,503.666,0.746702
17,,,0.454849,627.516,285.92,0.847058,594.975,291.711,0.86873,553.75,339.005,0.922371,530.373,391.9,0.83252,668.714,274.339,0.862497,736.216,315.446,0.864225,765.818,362.617,0.879927,659.826,386.161,0.843861,639.238,389.078,0.837919,645.192,456.84,0.946446,686.276,503.639,0.842732,680.41,385.952,0.80908,715.584,456.802,0.863116,768.72,506.656,0.877969,,,0.441057,,,0.499834,,,0.348321,645.017,244.874,0.622498,762.875,545.044,0.779,780.51,536.152,0.718247,786.228,503.818,0.791797,674.595,524.295,0.696525,668.693,515.601,0.720889,695.107,503.653,0.743662
18,,,0.481407,671.636,291.994,0.951847,633.285,294.956,0.868137,600.91,344.831,0.90295,577.527,403.674,0.824991,712.739,288.93,0.864124,765.819,318.247,0.918937,806.894,362.385,0.822294,703.975,397.813,0.791221,686.25,406.56,0.792463,695.054,462.592,0.909492,733.357,503.694,0.828287,724.55,391.918,0.807914,745.253,462.579,0.82333,812.768,503.91,0.861047,,,0.426857,,,0.4792,,,0.121248,674.595,259.459,0.560117,809.807,544.946,0.727333,818.755,533.235,0.700162,827.556,503.75,0.683497,709.849,521.423,0.677118,701.043,509.767,0.715869,742.286,503.87,0.651518
19,,,0.484422,671.633,291.982,0.951613,633.29,294.94,0.870717,600.923,344.835,0.900521,577.538,403.675,0.82373,712.738,288.916,0.863113,765.781,315.557,0.916111,806.87,359.62,0.815946,703.958,394.955,0.791264,686.243,403.736,0.787373,695.037,462.573,0.912139,733.347,503.698,0.83011,724.529,389.151,0.811277,745.255,462.579,0.82387,812.772,503.908,0.864449,,,0.429155,,,0.482323,,,0.119172,674.604,259.468,0.562294,809.808,544.953,0.729627,818.758,533.239,0.700706,827.567,503.746,0.68965,709.84,521.423,0.680926,701.037,509.767,0.72046,742.276,503.876,0.6562
20,727.454,291.771,0.535945,745.105,315.343,0.908582,712.653,318.469,0.871403,674.629,377.258,0.800616,668.558,436.175,0.884793,786.216,300.729,0.842038,836.448,330.125,0.825682,877.599,362.406,0.859193,786.259,409.61,0.876793,765.643,412.562,0.881673,786.2,480.352,0.911256,833.426,503.854,0.713039,806.861,406.596,0.795283,809.774,474.371,0.784243,898.147,518.469,0.720149,,,0.476715,736.225,277.187,0.522344,,,0.218138,748.065,271.424,0.594081,886.468,553.818,0.697705,904.154,547.959,0.737582,907.015,509.735,0.649719,815.783,530.209,0.632048,812.968,527.283,0.635718,,,0.436329
21,727.444,291.83,0.552982,745.097,315.361,0.912205,709.849,318.497,0.868156,677.405,377.218,0.802022,668.561,436.127,0.890643,786.229,300.754,0.840774,836.458,330.131,0.827788,877.621,362.429,0.86426,786.254,409.596,0.877873,765.635,412.552,0.886113,786.195,480.336,0.905287,833.453,503.853,0.709988,806.852,406.576,0.792326,806.987,474.32,0.777746,895.29,515.603,0.714317,,,0.492217,736.232,280.079,0.533505,,,0.206357,748.108,274.205,0.598228,886.473,553.808,0.695364,904.149,547.946,0.735206,906.996,509.713,0.650349,815.778,530.209,0.634187,812.969,527.279,0.639013,,,0.435384
22,,,0.455308,745.105,315.358,0.906406,709.854,318.547,0.856567,674.593,380.119,0.808698,668.56,436.146,0.888334,786.26,300.71,0.847371,836.428,330.118,0.828737,877.598,362.399,0.856351,786.249,409.601,0.875518,765.62,412.564,0.882602,786.235,480.355,0.893229,833.471,503.886,0.665947,806.856,406.576,0.791521,806.891,474.359,0.771703,898.127,518.467,0.705934,,,0.410799,,,0.43729,,,0.255706,748.128,271.407,0.520962,886.474,553.825,0.689682,904.153,547.974,0.731389,907.012,509.745,0.641989,815.757,527.448,0.605466,815.745,527.273,0.604708,,,0.40043
23,762.859,294.728,0.656671,771.686,303.661,0.818698,739.296,318.294,0.916491,718.589,371.392,0.847322,715.57,433.241,0.853261,809.875,291.986,0.876531,859.865,312.515,0.866548,903.972,338.836,0.882637,824.575,392.031,0.807263,809.821,403.748,0.829102,836.287,471.437,0.817044,901.148,503.75,0.675858,836.524,388.931,0.871256,839.297,459.782,0.860318,927.62,500.798,0.696129,753.989,291.728,0.592309,765.754,285.942,0.605354,,,0.385058,783.389,271.335,0.584265,918.829,530.422,0.683157,933.472,527.357,0.680885,942.368,494.987,0.598274,,,0.46706,,,0.473392,,,0.334715
24,762.844,294.708,0.640702,771.698,303.636,0.818355,739.303,318.276,0.915983,718.584,371.376,0.847869,715.566,433.242,0.852201,809.878,291.98,0.876189,859.874,312.518,0.866664,903.976,338.84,0.882586,824.578,392.036,0.807489,809.823,403.747,0.830652,836.271,471.428,0.817125,901.1,503.727,0.680063,836.525,388.94,0.871427,839.311,459.783,0.857318,927.64,500.807,0.705692,753.969,288.985,0.577469,765.736,283.095,0.589033,,,0.373102,783.379,271.316,0.577639,918.825,530.409,0.689372,933.482,527.347,0.687219,945.239,497.849,0.605575,,,0.479438,,,0.484334,,,0.349182
25,786.414,271.323,0.525511,812.833,291.842,0.895171,780.498,306.622,0.753039,762.805,362.496,0.819757,756.932,418.5,0.730172,845.212,274.194,0.7609,901.093,291.812,0.789937,936.459,312.477,0.768416,865.86,385.94,0.794056,857.019,388.901,0.79288,883.462,456.605,0.816194,954.141,477.349,0.711399,880.534,380.117,0.798264,883.574,456.631,0.84683,968.822,489.119,0.678702,,,0.432318,789.241,265.383,0.510242,,,0.209084,806.914,253.663,0.557483,957.131,524.379,0.716008,974.718,518.478,0.704082,977.755,486.169,0.613359,,,0.405531,,,0.391795,971.736,468.497,0.511602
26,,,0.43299,812.9,291.775,0.869225,780.456,306.634,0.593956,762.737,365.411,0.575231,756.961,427.205,0.501301,848.165,271.368,0.636955,903.947,291.908,0.695777,936.478,312.529,0.622914,871.729,385.982,0.793122,865.84,386.075,0.687826,886.465,453.777,0.758549,954.194,480.278,0.725854,877.517,383.161,0.748346,883.438,456.699,0.866154,960.051,483.284,0.664425,,,0.283825,,,0.417932,,,0.155777,798.133,256.575,0.528196,957.114,524.404,0.698225,974.639,518.527,0.659912,974.772,480.324,0.612341,,,0.481441,,,0.44699,974.751,474.324,0.510295
27,,,0.459666,836.345,271.216,0.939621,806.964,291.794,0.88014,789.292,347.759,0.838479,786.335,409.568,0.868778,862.964,253.593,0.821078,918.777,271.199,0.849054,957.041,288.936,0.847769,895.22,362.499,0.822116,880.553,365.568,0.831526,912.961,436.08,0.808049,986.454,471.461,0.733672,907.036,356.586,0.824411,909.943,436.058,0.869007,992.367,480.313,0.762412,,,0.288417,,,0.456794,,,0.0651493,827.512,241.882,0.547281,983.563,506.813,0.768084,998.176,503.891,0.797811,1001.29,480.129,0.690813,,,0.478028,,,0.448974,1001.22,462.57,0.585586
28,,,0.451861,836.33,271.205,0.938976,806.967,291.792,0.876384,789.293,347.755,0.838516,786.339,409.571,0.868375,862.927,253.57,0.822804,918.754,271.198,0.847678,957.016,288.926,0.846409,895.21,362.479,0.818257,880.55,365.551,0.830222,912.947,436.074,0.810671,986.456,474.336,0.734945,907.025,353.738,0.820406,909.941,436.046,0.866722,995.221,480.319,0.765657,,,0.286051,,,0.445245,,,0.0681469,827.486,241.882,0.531474,983.55,506.807,0.757393,998.178,503.897,0.785903,1004.1,480.166,0.699401,,,0.495744,,,0.467288,1001.21,462.634,0.56015
29,,,0.461488,836.334,271.206,0.939604,806.971,291.793,0.878546,789.293,347.761,0.839381,786.339,409.572,0.869494,862.932,253.571,0.823238,918.758,271.198,0.847983,957.018,288.927,0.847031,895.208,362.481,0.81899,880.546,365.553,0.830998,912.949,436.076,0.810023,986.458,474.335,0.734539,907.028,356.558,0.820812,909.943,436.048,0.867384,995.225,480.312,0.76629,,,0.292596,,,0.455672,,,0.0697602,827.498,241.875,0.541239,983.55,506.807,0.757688,998.18,503.897,0.787763,1004.11,480.161,0.699023,,,0.495553,,,0.468135,1001.21,462.631,0.558096
30,,,0.419289,851.046,247.845,0.868129,815.8,271.193,0.887076,809.72,327.251,0.823447,798.129,386.084,0.813901,880.451,233.069,0.814892,930.581,244.814,0.862218,977.654,256.524,0.819186,910.07,338.861,0.818969,903.982,341.987,0.817565,939.41,409.707,0.8126,1001.16,447.909,0.774558,927.607,327.226,0.805936,930.634,409.698,0.867177,1004.1,456.785,0.791452,,,0.275306,,,0.383099,,,0.0,836.267,221.203,0.505341,992.392,494.951,0.65423,1004.14,489.061,0.677404,1021.76,453.674,0.686588,,,0.417374,,,0.414981,1021.8,436.165,0.591194
31,,,0.418518,851.044,247.852,0.863233,815.788,271.202,0.885057,807.011,330.18,0.818944,798.126,386.087,0.810758,880.45,233.067,0.81056,930.604,244.812,0.85757,977.671,256.54,0.813994,912.87,338.868,0.813194,904.019,341.974,0.816774,939.394,409.702,0.809741,1001.13,447.908,0.774118,927.61,327.237,0.804667,930.646,409.704,0.865026,1004.1,456.779,0.792428,,,0.285367,,,0.381929,,,0.0536378,833.561,221.203,0.504833,992.377,494.936,0.657137,1004.13,489.043,0.681336,1021.75,453.676,0.687987,,,0.418675,,,0.41836,1021.76,436.16,0.580518
32,,,0.33407,889.379,197.554,0.840877,862.832,218.351,0.738572,851.134,271.445,0.685709,833.394,338.991,0.697001,912.944,174.162,0.705544,977.582,171.201,0.659588,1033.61,174.245,0.627209,962.954,277.174,0.727353,957.036,285.914,0.672202,980.634,359.611,0.780145,1024.89,412.627,0.784861,974.558,274.229,0.765643,989.417,362.477,0.817348,1057.15,409.668,0.788846,,,0.0937825,,,0.354281,,,0.0,859.862,174.124,0.580746,,,0.377382,,,0.40802,1074.77,409.687,0.761988,995.295,442.035,0.743194,998.166,436.13,0.730076,,,0.318543
33,,,0.334289,892.283,194.786,0.821799,862.883,218.297,0.633965,853.921,271.424,0.597642,833.39,338.985,0.570325,912.943,174.174,0.608672,977.566,171.176,0.564581,1030.7,174.229,0.517573,965.87,277.128,0.721936,962.913,277.198,0.639097,980.66,359.57,0.765092,1024.89,412.629,0.783862,971.756,274.312,0.742585,989.413,362.503,0.813215,1060.03,409.67,0.788255,,,0.0776384,,,0.361992,,,0.0,859.853,174.139,0.616478,,,0.376142,,,0.409458,1074.82,409.69,0.75862,995.264,442.012,0.743526,998.156,436.117,0.727434,,,0.314821
34,,,0.337043,892.28,194.787,0.824084,862.877,218.304,0.648287,853.92,271.42,0.609573,833.387,338.985,0.586467,912.962,174.172,0.622104,977.574,171.195,0.584117,1030.71,174.255,0.544507,965.854,277.144,0.721934,960.017,280.096,0.643865,980.651,359.61,0.775227,1024.9,412.63,0.801618,971.77,274.301,0.745481,989.444,362.522,0.816649,1060.1,409.583,0.781572,,,0.0799915,,,0.365398,,,0.0,859.86,174.133,0.613783,,,0.353874,,,0.384671,1074.8,409.585,0.760762,995.28,442.019,0.774996,998.175,436.104,0.765642,,,0.373873
35,871.669,174.114,0.532685,924.664,174.225,0.913899,951.181,153.583,0.86339,1007.11,144.672,0.684855,1077.69,138.817,0.538802,895.264,197.586,0.842017,880.459,265.378,0.842098,859.827,318.441,0.859789,1001.17,250.779,0.806626,1012.94,244.845,0.760861,1018.88,335.933,0.720099,1051.23,386.017,0.595018,995.284,265.414,0.778739,1021.72,341.841,0.844375,1089.47,389.062,0.763164,,,0.0,874.573,159.428,0.538137,,,0.0582591,886.389,153.563,0.768192,,,0.209927,,,0.273771,1104.2,391.961,0.717887,1021.76,403.686,0.598756,1021.73,400.77,0.552997,,,0.196301
36,868.82,174.099,0.550598,924.666,174.238,0.912261,951.179,153.614,0.855054,1004.23,144.745,0.681359,1074.79,138.844,0.512027,895.278,197.57,0.839477,880.457,265.375,0.839098,859.819,318.457,0.856057,1001.16,250.785,0.805105,1012.92,244.853,0.75797,1018.88,335.932,0.718659,1051.22,386.013,0.601835,995.293,265.413,0.778709,1021.73,341.843,0.846102,1089.46,389.07,0.76163,,,0.0,874.569,159.405,0.555965,,,0.0544066,886.401,153.573,0.76801,,,0.22094,,,0.28129,1104.19,391.977,0.720003,1021.73,403.688,0.605311,1021.71,400.769,0.558541,,,0.197086
37,,,0.427993,942.298,159.442,0.810419,915.818,185.879,0.771993,901.124,244.8,0.850951,880.576,300.683,0.820238,965.918,141.717,0.755721,1024.87,124.07,0.738168,1074.79,115.336,0.665921,1015.9,247.69,0.766952,1004.1,253.575,0.716708,1042.35,324.256,0.6493,,,0.431761,1021.91,244.67,0.797764,1024.88,327.214,0.782357,,,0.472758,,,0.169823,,,0.423708,,,0.0,,,0.484809,,,0.117779,,,0.142886,,,0.395432,,,0.120259,,,0.0,,,0.303079
38,,,0.12723,942.395,156.456,0.859771,971.702,132.955,0.797587,1027.78,121.162,0.662268,1077.77,121.209,0.585102,915.845,182.949,0.789615,901.04,247.646,0.824787,880.612,300.785,0.827643,1021.82,244.805,0.836692,1033.54,230.139,0.710536,1027.77,318.372,0.686045,,,0.390009,1010.04,250.762,0.711184,1030.7,333.119,0.71846,,,0.433676,,,0.0,,,0.140776,,,0.188461,904.073,150.539,0.706384,,,0.135953,,,0.169673,,,0.405841,,,0.106375,,,0.0,,,0.263802
39,,,0.150222,968.861,147.66,0.809987,995.289,127.178,0.811777,,,0.104667,,,0.0,948.125,162.376,0.783015,948.199,235.936,0.733026,,,0.256696,1042.3,230.028,0.768452,1051.22,221.243,0.778649,1048.26,300.728,0.689526,,,0.379643,1024.75,244.681,0.802052,1036.57,324.214,0.699638,,,0.385372,,,0.0,,,0.134887,,,0.0,,,0.407638,1048.19,430.123,0.549981,1048.35,433.089,0.525229,,,0.385845,,,0.141919,,,0.117683,,,0.263096
40,,,0.143272,971.664,147.669,0.816545,995.34,127.181,0.820378,,,0.0910432,,,0.0,948.124,162.379,0.783769,948.208,235.964,0.737819,,,0.24283,1042.31,230.047,0.768666,1051.22,221.249,0.778279,1048.24,300.743,0.689245,,,0.384017,1024.76,244.706,0.802837,1036.53,324.21,0.695539,,,0.390155,,,0.0,,,0.12349,,,0.0512662,,,0.420893,1048.24,424.352,0.536912,1048.37,430.192,0.512351,,,0.360248,,,0.139122,,,0.0,,,0.273688
41,,,0.133463,968.871,147.607,0.801668,995.337,127.165,0.814533,,,0.0882555,,,0.0,945.295,159.466,0.775905,948.211,235.977,0.736329,,,0.240337,1042.32,230.047,0.766725,1051.22,221.252,0.774845,1048.26,300.701,0.674509,,,0.383997,1024.76,244.699,0.800704,1039.4,324.246,0.687893,,,0.371798,,,0.0,,,0.110022,,,0.0,,,0.390536,1048.22,424.345,0.516439,,,0.497297,,,0.372722,,,0.134318,,,0.0,,,0.274503
42,,,0.198649,957.051,153.592,0.692559,971.703,150.585,0.627347,,,0.0674643,,,0.0,951.234,162.381,0.760457,927.736,221.133,0.662575,,,0.0,1039.5,233.065,0.712922,1048.22,224.267,0.69436,1048.3,297.805,0.704966,1086.55,341.855,0.676308,1027.79,241.863,0.731142,1036.55,333.065,0.712904,1057.1,409.656,0.609793,,,0.0,,,0.190235,,,0.0,,,0.47408,,,0.456023,1048.34,453.751,0.511873,,,0.499835,,,0.30413,,,0.262271,1095.46,341.98,0.608344
43,,,0.211475,954.155,153.515,0.662422,959.983,150.637,0.538386,,,0.104185,,,0.100615,951.221,153.696,0.710795,,,0.43537,,,0.0,1033.6,230.053,0.665098,1042.31,224.262,0.589383,1045.37,303.672,0.566603,1086.52,341.841,0.556697,1030.7,233.036,0.678716,1039.41,330.099,0.642394,1060.08,412.621,0.51996,,,0.0,,,0.209501,,,0.0,,,0.420763,,,0.451252,,,0.499786,,,0.405354,,,0.221983,,,0.19737,1095.47,341.894,0.514736
44,,,0.443324,965.905,168.298,0.687934,974.755,159.473,0.613894,,,0.101497,,,0.0876481,954.175,174.083,0.826445,927.747,218.358,0.733139,892.342,250.648,0.740183,1048.31,224.313,0.787093,1054.15,221.274,0.683343,1048.23,306.559,0.78765,1113.09,338.921,0.84912,1045.45,230.129,0.783132,1048.21,327.163,0.837192,1054.14,424.289,0.731997,,,0.0,,,0.428126,,,0.0,927.702,159.428,0.564134,1024.78,453.739,0.605621,1042.37,453.775,0.580581,1065.91,433.074,0.601372,1095.36,368.417,0.569568,1095.37,365.411,0.543084,1121.95,336.001,0.739741
45,,,0.446421,965.906,168.285,0.682981,974.761,159.494,0.604987,,,0.104778,,,0.0903936,954.187,174.045,0.8253,930.461,218.32,0.734811,895.211,247.907,0.743211,1048.29,224.278,0.791399,1051.32,221.249,0.68322,1048.24,306.547,0.790341,1115.85,338.955,0.853193,1045.43,230.078,0.784425,1048.21,324.303,0.836492,1054.15,424.295,0.732092,,,0.0,,,0.429561,,,0.0,927.673,159.422,0.568097,1024.78,453.758,0.6074,1042.36,453.8,0.58167,1065.92,433.092,0.607907,1095.35,368.435,0.571426,1095.36,365.423,0.543051,1121.99,336.029,0.734732
46,,,0.439671,962.975,168.302,0.69711,974.684,159.393,0.632894,,,0.125527,,,0.111124,954.108,174.167,0.831434,927.651,221.142,0.736721,892.275,250.688,0.733397,1048.3,224.291,0.791352,1051.3,221.261,0.686406,1045.43,303.692,0.786903,1115.84,338.938,0.851504,1045.47,230.091,0.788951,1048.21,324.218,0.846117,1054.17,415.55,0.759917,,,0.0,,,0.420986,,,0.0,927.62,159.497,0.57688,1024.87,447.896,0.629648,1045.23,447.865,0.610107,1065.92,427.229,0.599583,1095.35,368.406,0.587944,1095.36,365.393,0.556788,1121.99,336.008,0.739974
47,,,0.350978,980.57,153.62,0.837503,1001.17,141.759,0.753382,1057.11,118.267,0.629821,,,0.202653,962.912,174.057,0.801938,930.596,224.229,0.856364,883.538,271.228,0.886278,1068.93,221.171,0.827285,1077.74,209.452,0.723203,1068.84,294.864,0.856763,1121.88,333.139,0.778757,1060.09,224.217,0.753034,1063.04,315.474,0.762771,1063.01,409.577,0.704784,,,0.0,,,0.29537,,,0.0,942.32,153.62,0.534296,1027.67,433.194,0.509619,1039.5,436.011,0.544196,1068.96,415.516,0.52787,1115.91,362.451,0.500073,,,0.443564,1139.51,333.041,0.72114
48,,,0.378149,980.668,153.521,0.839453,1001.28,138.866,0.75619,1057.13,118.26,0.624984,,,0.210301,963.004,171.185,0.794506,930.581,224.266,0.859353,883.517,271.251,0.885688,1068.96,221.238,0.825475,1077.79,209.523,0.719085,1068.87,294.961,0.82395,1121.89,330.2,0.614008,1060.1,224.311,0.738128,1063.0,315.463,0.737674,1063.0,409.645,0.526181,,,0.0,,,0.317518,,,0.0,945.237,153.483,0.581049,,,0.436398,,,0.448241,,,0.396141,,,0.321089,,,0.297367,1139.53,324.278,0.538347
49,,,0.206509,989.485,174.076,0.837174,1012.92,150.725,0.782822,1045.34,121.205,0.723476,1077.74,91.7722,0.555164,968.832,194.738,0.794347,930.461,241.894,0.805618,883.498,288.815,0.821727,1071.93,233.007,0.770824,1089.42,224.104,0.767938,1065.95,321.276,0.7826,1060.12,418.426,0.707438,1066.01,244.683,0.766825,1062.99,315.388,0.691707,1130.74,338.927,0.825758,,,0.0,,,0.178409,,,0.0770154,951.021,171.156,0.511619,1127.73,365.361,0.575563,1136.58,362.425,0.639269,1142.5,333.113,0.681609,,,0.491165,,,0.434717,1065.89,433.113,0.630496
50,,,0.143372,989.457,174.068,0.839619,1012.95,150.657,0.779998,1045.31,121.117,0.731107,1080.69,91.7336,0.674751,965.914,194.789,0.799987,930.49,241.852,0.813382,883.625,283.077,0.801192,1071.93,233.071,0.774392,1089.43,224.15,0.765044,1065.95,318.482,0.787324,1063.01,415.492,0.720295,1066.0,244.731,0.774691,1060.1,315.45,0.690004,1127.73,338.865,0.828417,,,0.0,,,0.108857,,,0.112043,,,0.476582,1127.72,362.613,0.614216,1136.57,359.628,0.670884,1139.62,330.172,0.695843,,,0.484402,,,0.431009,1065.95,430.218,0.640019
51,,,0.31574,995.317,197.555,0.821308,1021.72,171.154,0.739705,1060.03,127.068,0.58656,1098.43,83.0535,0.558019,968.876,218.354,0.744485,927.618,265.431,0.658669,886.401,300.727,0.647528,1077.71,256.533,0.734967,1089.52,247.767,0.709952,1065.92,341.927,0.767198,1068.91,447.846,0.771915,1071.89,265.293,0.756114,1048.42,338.967,0.71022,1118.97,362.443,0.857194,,,0.0,,,0.279695,,,0.0779967,951.093,197.69,0.569298,1113.09,388.917,0.584283,1118.84,386.005,0.64205,1136.53,353.686,0.643544,1042.43,474.371,0.546002,1045.43,468.489,0.535381,1071.82,459.633,0.631907
52,,,0.304221,995.263,194.803,0.816996,1021.67,171.133,0.758851,1057.13,127.167,0.611734,1101.24,83.0518,0.617484,968.809,218.328,0.762713,927.641,265.389,0.698239,886.407,300.725,0.689639,1077.72,256.546,0.736327,1092.31,247.746,0.725272,1065.91,341.912,0.770498,1068.88,444.967,0.775076,1071.85,265.329,0.76404,1051.21,338.976,0.70631,1118.97,362.46,0.860304,,,0.0,,,0.266374,,,0.0803002,951.066,197.708,0.563125,1113.09,388.962,0.584956,1118.84,386.043,0.648004,1136.55,353.702,0.648508,1042.43,474.333,0.54847,1045.43,468.453,0.536359,1071.76,459.586,0.658022
53,,,0.309393,995.31,197.531,0.819116,1021.7,171.125,0.729779,1057.18,127.068,0.577976,1098.39,85.8062,0.545161,968.851,218.316,0.735405,927.677,265.365,0.640517,886.376,300.737,0.639982,1074.9,256.548,0.736043,1089.45,247.783,0.695216,1065.87,341.919,0.762284,1068.89,444.976,0.77508,1071.93,262.484,0.750274,1051.24,338.981,0.694117,1118.98,362.464,0.859398,,,0.0,,,0.273542,,,0.0788319,951.095,197.649,0.565032,1113.1,388.952,0.589972,1118.86,386.033,0.645525,1136.55,353.715,0.647054,1042.42,474.375,0.558696,1045.4,468.477,0.548164,1071.78,459.581,0.655064
54,,,0.236234,989.441,200.677,0.836204,1018.76,177.167,0.792319,1065.97,133.013,0.701822,1110.11,97.6388,0.649596,965.864,224.126,0.781076,921.743,271.416,0.748931,880.634,315.388,0.840077,1074.88,274.301,0.746656,1092.46,268.332,0.750792,1054.2,362.409,0.650796,1068.93,462.599,0.688989,1068.82,288.878,0.754911,1030.7,362.405,0.650539,1095.47,371.36,0.776205,,,0.0,,,0.211313,,,0.117177,948.167,200.763,0.570289,1092.43,412.621,0.514605,1098.39,409.614,0.542434,1110.1,362.56,0.658124,,,0.430722,,,0.401051,1071.94,480.323,0.555317
55,,,0.237829,989.427,200.671,0.835966,1018.77,177.157,0.790881,1065.88,135.876,0.678752,1110.06,97.6397,0.630158,965.829,224.111,0.785194,921.722,271.378,0.751252,880.644,315.377,0.839437,1074.87,274.321,0.751373,1092.48,268.345,0.766561,1057.08,359.625,0.652913,1068.94,459.694,0.668972,1068.79,288.918,0.761378,1030.66,362.417,0.668973,1095.5,371.31,0.78083,,,0.0,,,0.211548,,,0.115694,948.131,200.782,0.572179,1092.39,412.629,0.545617,1098.35,409.601,0.562301,1110.14,362.503,0.665938,,,0.427736,,,0.392359,1071.94,480.25,0.526048
56,,,0.32468,998.15,206.534,0.787618,,,0.444371,1071.89,150.528,0.509238,,,0.418466,,,0.436735,,,0.407255,,,0.300642,1074.81,285.942,0.689337,1083.6,277.145,0.549208,1042.33,362.523,0.617454,,,0.336793,1071.97,288.909,0.693141,1030.71,365.419,0.546909,1092.42,371.375,0.509424,,,0.0,,,0.295631,,,0.0,954.112,200.676,0.59104,,,0.352214,,,0.355171,,,0.417032,,,0.267237,,,0.270531,,,0.202978
57,,,0.374019,998.154,206.585,0.785975,,,0.439661,,,0.499467,,,0.415014,,,0.44617,,,0.488686,,,0.494077,1074.89,283.088,0.682933,1089.39,274.244,0.56587,1045.32,362.531,0.612487,,,0.347996,1074.74,288.894,0.69686,1030.63,365.379,0.615558,1092.4,371.411,0.581811,,,0.0511714,,,0.346926,,,0.0,954.137,200.714,0.614014,,,0.393969,,,0.387384,,,0.47158,,,0.289774,,,0.291127,,,0.202751
58,,,0.345665,998.132,206.583,0.781792,,,0.49704,1071.86,150.542,0.551244,,,0.439942,971.755,227.115,0.509878,924.572,280.153,0.538121,880.389,321.339,0.552024,1077.71,283.074,0.689725,1089.5,274.21,0.595674,1045.39,362.512,0.612365,,,0.352031,1071.92,288.939,0.715648,1030.61,365.396,0.620451,1092.37,371.409,0.597321,,,0.0,,,0.314703,,,0.0,954.056,200.711,0.611621,,,0.413675,,,0.399752,,,0.480561,,,0.285273,,,0.285726,,,0.208526
59,,,0.470117,1024.63,241.772,0.865877,989.429,265.301,0.783579,948.201,300.722,0.790664,892.346,362.491,0.774515,1057.14,215.368,0.773566,1124.87,185.967,0.668997,1204.25,182.975,0.631513,1089.41,315.331,0.817926,1068.75,318.326,0.833152,1033.57,386.158,0.87367,1051.36,474.312,0.823199,1107.21,306.628,0.746018,1095.46,392.007,0.872787,1142.47,477.319,0.888289,,,0.114951,,,0.466896,,,0.0,1001.13,218.338,0.662235,1121.96,494.979,0.675576,1139.54,494.932,0.727255,1154.29,480.272,0.75795,1024.76,486.107,0.541253,1021.87,483.098,0.57457,1068.94,480.259,0.81734
60,974.605,247.838,0.532869,1024.67,238.861,0.800043,992.419,259.541,0.668782,951.089,297.756,0.690579,895.213,359.62,0.644227,1051.29,215.348,0.686961,1124.86,191.742,0.554294,,,0.469705,1092.46,312.401,0.731515,1074.83,315.406,0.615219,1030.7,386.083,0.625669,1051.34,474.332,0.596361,1101.31,303.611,0.653948,1095.35,389.103,0.523929,,,0.493752,,,0.113918,974.727,241.786,0.534405,,,0.0,998.152,221.289,0.631607,,,0.331461,,,0.358027,,,0.433792,,,0.231612,,,0.215304,,,0.495852
61,,,0.403952,1027.77,247.633,0.763979,,,0.344534,,,0.260002,,,0.306798,,,0.440384,,,0.461697,906.94,368.377,0.510297,1092.5,324.244,0.666951,,,0.461126,,,0.468444,1036.55,506.731,0.503808,1098.3,321.324,0.548802,,,0.42763,,,0.486117,,,0.0,,,0.367242,,,0.0,995.357,227.153,0.520369,,,0.491793,1018.78,527.347,0.522934,,,0.497256,,,0.273474,,,0.227645,,,0.338237
62,,,0.371185,1030.65,247.618,0.802306,1001.25,268.246,0.550521,,,0.46731,,,0.459397,1063.0,227.175,0.552404,1130.69,221.267,0.528388,,,0.468218,1092.37,327.172,0.704087,1071.83,333.082,0.603404,1030.72,412.449,0.647219,1039.39,506.714,0.687314,1104.22,321.325,0.625373,1118.88,412.439,0.620286,1165.93,497.89,0.687207,,,0.0,,,0.329993,,,0.0,998.211,227.083,0.517834,1157.17,527.196,0.629164,1165.99,524.316,0.656183,1171.97,503.706,0.536852,,,0.474655,,,0.418553,1045.43,521.41,0.557866
63,,,0.36774,1051.19,247.802,0.901992,1092.41,244.718,0.856101,1154.2,247.782,0.791862,1204.25,274.271,0.837065,1015.92,262.482,0.798392,971.777,321.27,0.782533,924.719,377.2,0.73497,1101.29,347.837,0.766989,1127.75,341.975,0.766925,1142.46,427.239,0.852463,1180.7,518.523,0.785931,1074.85,359.469,0.766863,1045.41,436.027,0.881427,1039.4,530.363,0.819561,,,0.0,,,0.362625,,,0.107089,1007.1,230.088,0.64893,1021.81,530.405,0.502705,1018.84,536.232,0.615857,1042.43,547.961,0.796103,1166.06,530.206,0.518958,,,0.493135,1183.73,530.303,0.831817
64,,,0.417687,1051.23,247.858,0.891759,1092.47,244.748,0.873652,1157.14,247.784,0.80057,1204.29,274.315,0.834611,1015.91,265.365,0.809793,971.701,321.329,0.766191,924.674,377.238,0.732384,1101.29,350.737,0.765527,1127.78,342.043,0.763179,1142.51,427.314,0.854868,1180.7,518.559,0.78873,1074.85,359.525,0.774136,1045.39,436.053,0.883199,1039.4,530.374,0.820822,,,0.0,,,0.413941,,,0.0998058,1010.02,230.057,0.657508,1021.8,533.196,0.515481,1018.85,539.085,0.626884,1042.45,547.966,0.802663,1166.06,527.421,0.520138,,,0.49467,1183.72,530.318,0.833414
65,,,0.400957,1051.23,247.83,0.897403,1092.45,244.732,0.870212,1154.25,247.784,0.787154,1204.29,274.306,0.834351,1015.93,265.309,0.80438,971.788,318.534,0.791378,924.729,374.327,0.744259,1101.3,350.732,0.763358,1127.78,342.047,0.760581,1142.5,427.321,0.854702,1180.7,521.393,0.788918,1074.86,359.515,0.771531,1045.39,436.061,0.883274,1039.4,530.372,0.819433,,,0.0,,,0.398429,,,0.0984285,1010.0,230.054,0.655836,1021.82,530.4,0.512062,1018.86,536.232,0.622947,1042.44,547.964,0.799073,1166.05,530.193,0.518207,,,0.493546,1183.72,530.331,0.830876
66,,,0.392386,1051.27,265.392,0.819665,1092.36,247.776,0.787337,1142.63,271.34,0.711068,1186.51,318.286,0.774479,1018.88,274.293,0.733762,971.778,333.096,0.692355,933.494,383.069,0.71968,1098.42,377.199,0.758751,1121.99,368.417,0.727478,1145.41,444.917,0.784707,1163.13,533.23,0.863666,1074.83,383.143,0.750473,1048.34,456.645,0.849231,1045.3,545.032,0.814941,,,0.0,,,0.378307,,,0.113495,1021.73,236.002,0.59967,,,0.23838,,,0.31811,1042.46,553.804,0.724109,,,0.399336,,,0.445519,1163.18,550.761,0.826352
67,,,0.347991,1051.35,265.397,0.845917,1092.44,247.799,0.865492,1145.42,271.34,0.834057,1186.54,318.288,0.895332,1018.85,274.315,0.805793,971.684,335.939,0.799899,933.474,383.063,0.790041,1098.43,377.282,0.783271,1124.87,368.469,0.759958,1145.41,442.033,0.818224,1163.12,533.214,0.885185,1074.78,385.949,0.803007,1048.38,456.653,0.869815,1045.3,544.975,0.841642,,,0.0,,,0.336637,,,0.161576,1018.87,238.869,0.609178,,,0.279318,,,0.361392,1045.2,553.804,0.774261,,,0.44182,,,0.486557,1163.17,550.771,0.859251
68,,,0.391282,1065.86,277.191,0.834336,1021.83,286.027,0.829805,992.358,318.477,0.823403,965.846,365.494,0.808458,1098.36,271.399,0.858218,1142.37,330.169,0.787581,1142.43,386.053,0.704869,1092.5,383.143,0.836094,1068.83,386.079,0.842167,1068.85,459.582,0.822326,1060.06,527.385,0.701298,1118.88,380.122,0.778238,1145.45,436.226,0.831067,1142.56,524.333,0.852688,,,0.189136,,,0.384549,,,0.0,,,0.49142,1183.69,533.203,0.747513,1186.49,527.433,0.799697,1136.59,530.285,0.704221,1063.01,550.912,0.607567,1045.47,547.931,0.661956,1060.13,530.27,0.549084
69,,,0.385813,1065.85,277.202,0.831872,1021.83,286.035,0.829771,992.344,318.488,0.821432,962.999,365.524,0.80681,1098.35,271.412,0.85758,1142.35,333.067,0.798682,1142.35,386.123,0.716898,1092.5,383.142,0.837059,1068.84,386.083,0.844245,1068.84,459.627,0.828306,1060.05,530.195,0.696993,1118.88,380.114,0.7773,1145.45,436.226,0.83225,1142.55,524.326,0.853004,,,0.188201,,,0.378195,,,0.0,,,0.493611,1183.68,533.209,0.745817,1186.49,527.436,0.799019,1136.58,530.286,0.70747,1062.99,550.969,0.601078,1045.47,550.781,0.657159,1060.12,530.323,0.539585
70,,,0.418981,1065.92,277.19,0.840984,1021.87,285.99,0.821623,992.381,318.45,0.827685,962.998,365.501,0.805478,1098.4,271.423,0.845203,1142.39,330.13,0.769292,1142.48,386.01,0.659182,1092.53,385.924,0.823254,1068.85,386.106,0.828595,1068.87,456.775,0.794134,1060.07,527.295,0.674203,1118.92,380.172,0.764792,1145.45,436.214,0.823177,1142.52,524.292,0.856293,,,0.196615,,,0.41065,,,0.0,1054.15,250.712,0.509681,1186.5,533.181,0.777392,1186.5,527.42,0.816103,1136.56,530.235,0.728275,1063.03,550.812,0.568357,1045.49,545.014,0.622139,1060.1,527.417,0.531857
71,,,0.144221,1068.76,271.28,0.91127,1021.92,274.294,0.837815,998.171,315.368,0.865274,977.69,356.626,0.832218,1110.04,268.282,0.818389,1139.62,318.495,0.822211,1136.55,365.581,0.661614,1089.55,374.287,0.784028,1065.95,383.052,0.77288,1074.75,453.781,0.760581,1074.74,530.23,0.704218,1115.85,368.382,0.790816,1151.35,418.482,0.803002,1139.45,506.65,0.908972,,,0.0,,,0.130579,,,0.0,,,0.315029,1183.72,524.406,0.830093,1180.72,515.557,0.742667,1119.06,512.677,0.778922,,,0.437357,,,0.397494,,,0.496588
72,,,0.15444,1068.74,271.296,0.910172,1021.9,277.126,0.83207,998.147,315.382,0.864738,977.686,356.653,0.834004,1110.03,268.275,0.820212,1139.63,321.301,0.817712,1133.7,368.377,0.623987,1089.55,374.31,0.787705,1065.95,383.07,0.779653,1074.76,456.71,0.765074,1071.95,533.218,0.685651,1115.85,368.397,0.791832,1154.19,418.476,0.804909,1139.45,506.691,0.911212,,,0.0957519,,,0.135168,,,0.0,,,0.323026,1186.52,524.411,0.837781,1180.76,515.551,0.746262,1119.05,515.556,0.767305,,,0.450087,,,0.399666,,,0.472081
73,,,0.182307,1068.74,271.292,0.91594,1021.89,277.131,0.83669,998.166,315.384,0.870167,977.704,356.572,0.832273,1107.21,268.271,0.823727,1139.64,321.305,0.827419,1136.51,368.406,0.643839,1092.3,374.339,0.799314,1065.98,383.098,0.794345,1074.75,459.61,0.786774,1071.93,536.203,0.685701,1115.88,368.404,0.801697,1154.2,418.484,0.805166,1139.45,506.681,0.91476,,,0.0988489,,,0.1556,,,0.0,,,0.340919,1186.53,524.452,0.841617,1180.77,515.59,0.747904,1119.04,515.54,0.763021,,,0.463217,,,0.408884,,,0.475689
74,,,0.170571,1068.74,271.306,0.912934,1021.89,277.16,0.83405,998.151,315.408,0.868434,977.687,356.657,0.835459,1110.03,268.28,0.823844,1139.63,321.31,0.828286,1133.7,368.419,0.646446,1092.32,377.193,0.80121,1066.0,383.124,0.797386,1074.76,459.619,0.787756,1071.93,536.212,0.6854,1115.88,368.422,0.800025,1151.36,418.506,0.802873,1139.46,506.681,0.915183,,,0.100508,,,0.145989,,,0.0,,,0.331839,1186.52,524.449,0.840843,1180.77,515.589,0.747693,1119.05,515.54,0.761935,,,0.470677,,,0.416556,,,0.477822
75,,,0.0,1065.94,250.711,0.765563,1107.11,247.827,0.701767,1136.54,309.485,0.641761,1136.53,359.53,0.519024,1021.79,247.864,0.637343,995.36,294.772,0.582536,980.651,341.935,0.620838,1069.0,362.54,0.8194,1092.45,362.539,0.764604,1142.53,406.724,0.817047,1119.07,489.144,0.743862,1048.23,362.603,0.77862,1074.91,412.475,0.734975,1080.71,489.123,0.664586,,,0.0,,,0.0,,,0.297521,,,0.193501,,,0.25024,,,0.198799,1074.73,506.667,0.63401,1174.85,512.663,0.752507,1163.06,521.48,0.722947,1112.97,503.896,0.737291
76,,,0.121662,1068.75,256.526,0.784475,1021.84,256.605,0.702185,995.342,294.853,0.707378,980.669,341.844,0.704177,1107.2,250.768,0.707671,1136.61,312.432,0.725409,1130.75,362.411,0.632619,1071.92,359.586,0.756739,1051.24,362.396,0.736149,1077.72,409.608,0.775354,1083.59,500.797,0.72213,1095.43,359.5,0.69924,1142.63,403.7,0.830004,1119.07,489.069,0.816325,,,0.116486,,,0.103062,,,0.195006,,,0.139249,1171.91,521.442,0.769136,1166.13,506.888,0.750566,1110.06,503.746,0.632011,,,0.45011,1095.44,521.459,0.522478,1074.73,506.854,0.703621
77,,,0.110174,1068.75,253.673,0.7608,1021.84,256.576,0.600696,995.339,294.877,0.593492,980.66,341.86,0.586156,1107.18,250.737,0.626282,1136.59,312.407,0.628661,1133.59,359.621,0.549059,1071.96,359.577,0.718057,1054.23,362.435,0.631227,1077.74,412.526,0.719847,1086.53,500.748,0.675465,1092.53,359.512,0.594831,1142.62,403.711,0.803339,1119.04,489.07,0.796542,,,0.102809,,,0.0894824,,,0.191733,,,0.127883,1171.94,521.439,0.752338,1168.92,509.649,0.727823,1107.18,503.759,0.574217,,,0.41605,,,0.469194,1074.79,506.806,0.671116
78,,,0.0,1042.31,244.812,0.742814,1089.45,238.905,0.753412,1113.0,294.812,0.701212,1115.87,347.808,0.548237,989.442,247.799,0.615982,,,0.3569,,,0.173248,1042.37,341.925,0.716279,1068.85,341.874,0.697002,1118.94,388.91,0.866047,1101.29,480.26,0.792877,1015.97,344.805,0.70285,1065.89,400.773,0.743943,1065.94,483.122,0.702886,,,0.0,,,0.0,,,0.251503,,,0.160305,,,0.118583,,,0.110899,1054.22,489.149,0.528197,1157.22,497.888,0.700921,1142.56,503.662,0.743626,1092.44,486.233,0.728819
79,,,0.0,1036.51,244.825,0.768673,1086.57,238.861,0.770268,1113.02,294.732,0.79808,1113.11,344.949,0.665816,983.541,250.67,0.688301,957.055,321.369,0.527008,,,0.167467,1042.34,341.953,0.751824,1068.79,341.853,0.736471,1118.94,388.881,0.885164,1101.34,480.279,0.798258,1015.94,344.891,0.730875,1065.87,400.821,0.760016,1065.85,483.241,0.713743,,,0.0,,,0.0,,,0.299624,,,0.198848,,,0.14148,,,0.124218,1054.17,494.956,0.544175,1160.15,497.915,0.701892,1145.46,503.68,0.733483,1092.47,489.049,0.754726
80,,,0.0,1024.82,206.582,0.800591,1071.75,215.389,0.800579,1095.54,286.003,0.720744,1104.19,344.925,0.548528,980.702,200.641,0.735682,945.205,247.833,0.785326,927.71,315.371,0.829315,1007.13,315.323,0.755281,1030.6,312.537,0.697998,1095.3,365.462,0.702584,1092.3,459.776,0.706667,989.393,315.408,0.725765,1048.4,365.449,0.794923,1060.02,453.72,0.638416,,,0.0,,,0.0,,,0.382586,,,0.164553,,,0.105589,,,0.0773886,1048.2,459.753,0.606887,1151.32,483.275,0.719067,1139.41,494.915,0.675425,1071.83,480.194,0.667634
81,,,0.0,1024.83,206.59,0.802881,1071.74,215.368,0.804409,1095.53,285.973,0.727161,1104.2,344.939,0.563158,980.713,200.656,0.736133,945.203,247.844,0.782018,927.709,315.395,0.834152,1007.17,315.336,0.756304,1030.65,315.301,0.702017,1092.54,365.461,0.695757,1092.32,459.76,0.704433,989.413,315.41,0.725816,1048.39,365.467,0.800587,1060.08,453.774,0.640615,,,0.0,,,0.0,,,0.388357,,,0.169814,,,0.111523,,,0.0864552,1048.24,462.616,0.606953,1151.29,483.274,0.724133,1136.62,494.919,0.681681,1071.85,480.205,0.663004
82,,,0.0,1024.8,206.6,0.776732,1071.75,215.387,0.763512,1095.54,286.003,0.66287,1104.21,347.792,0.509277,980.714,200.646,0.686956,945.228,247.838,0.75445,927.724,315.373,0.810492,1007.16,315.326,0.740646,1027.76,312.536,0.675482,1092.5,365.51,0.648395,1092.31,462.543,0.673747,992.306,315.418,0.709354,1048.4,365.5,0.774168,1060.07,453.773,0.622063,,,0.0,,,0.0,,,0.347807,,,0.145767,,,0.118213,,,0.0927968,1048.24,462.612,0.595034,1151.32,483.288,0.70968,1139.42,494.954,0.678658,1071.81,480.241,0.670189
83,,,0.191204,1021.76,177.186,0.729708,1062.98,179.982,0.561129,1092.57,247.672,0.697532,1118.81,306.566,0.694757,,,0.475521,,,0.490495,,,0.408518,983.607,288.963,0.718702,1001.18,288.91,0.677619,1077.76,338.872,0.794823,1092.35,447.878,0.73179,971.789,291.79,0.641514,1045.25,338.944,0.784492,1042.46,442.008,0.588125,,,0.171619,,,0.0,,,0.389701,,,0.0,,,0.110021,,,0.0929156,1030.62,456.754,0.521659,1157.14,459.612,0.55633,1139.46,465.532,0.562083,1077.73,459.736,0.633546
84,,,0.206523,1021.77,177.177,0.729323,1062.97,177.246,0.569626,1095.26,247.689,0.701314,1118.83,306.593,0.697315,,,0.481768,910.03,221.294,0.505091,,,0.421704,986.448,288.947,0.710088,1001.2,288.892,0.67042,1077.79,338.983,0.795784,1092.39,450.801,0.744945,971.803,291.782,0.637434,1045.25,338.997,0.783315,1042.45,444.912,0.594311,,,0.194036,,,0.0,,,0.414666,,,0.0,,,0.10119,,,0.0887906,1030.6,456.78,0.518017,1157.17,459.635,0.556033,1139.47,465.558,0.55723,1080.64,462.555,0.619882
85,,,0.123143,1001.28,168.263,0.815184,962.981,168.191,0.737051,892.257,212.416,0.787213,862.948,277.221,0.776191,1042.4,171.19,0.76207,1071.84,224.324,0.862454,1107.11,288.841,0.775485,974.723,268.303,0.837728,954.2,268.396,0.811083,1054.17,324.272,0.716231,1095.41,450.829,0.7087,992.406,268.226,0.739878,1045.28,324.315,0.577253,,,0.454154,,,0.102835,,,0.0,,,0.164955,,,0.0,,,0.0810495,,,0.0,,,0.361069,,,0.447577,1139.51,456.761,0.528472,1092.45,465.522,0.607818
86,,,0.222763,1004.1,162.421,0.703111,,,0.475864,1071.82,224.328,0.596447,1104.21,286.016,0.581129,,,0.0,,,0.0,,,0.0,965.87,271.219,0.740684,971.75,271.275,0.730237,1068.75,335.939,0.826323,1095.42,450.826,0.820619,954.207,271.286,0.620101,1024.89,321.345,0.781233,1021.74,436.093,0.660822,,,0.20689,,,0.0,,,0.426566,,,0.0,,,0.227476,,,0.0,1010.01,456.643,0.536687,,,0.485105,1139.59,453.768,0.588733,1092.5,462.713,0.730568
87,,,0.440742,1010.03,153.654,0.697494,1024.79,153.679,0.768944,1062.95,224.161,0.749374,1092.53,277.175,0.776078,992.394,153.559,0.549161,,,0.145054,,,0.161565,942.386,259.528,0.634675,951.176,265.367,0.698322,1062.97,338.863,0.799018,1101.3,439.04,0.79318,930.607,253.675,0.505726,1021.84,315.529,0.783783,1007.06,412.629,0.632291,,,0.410643,,,0.0,1048.35,130.083,0.63178,,,0.0,,,0.306236,,,0.3119,1001.08,436.092,0.594625,,,0.322645,,,0.431647,1104.21,456.727,0.734849
88,,,0.486861,1010.01,153.597,0.693784,1024.73,153.568,0.773685,1060.05,221.337,0.754719,1092.51,277.136,0.778722,995.319,153.563,0.539353,,,0.146292,,,0.172055,945.25,253.649,0.625555,948.225,259.505,0.656984,1062.95,338.873,0.794847,1101.32,439.051,0.790308,,,0.492571,1021.82,318.349,0.795426,1007.05,418.43,0.623252,,,0.447796,,,0.0,1048.32,130.096,0.640706,,,0.0,,,0.298333,,,0.298691,1001.1,439.048,0.593181,,,0.320457,,,0.430666,1104.24,456.735,0.735314
89,1068.84,150.659,0.505448,1010.01,153.563,0.696002,1024.72,153.51,0.775081,1060.04,221.323,0.746053,1092.51,277.145,0.772141,995.323,153.55,0.539965,,,0.149338,,,0.179775,945.288,256.569,0.624376,948.264,262.434,0.666567,1062.96,338.903,0.799922,1101.33,439.037,0.79115,,,0.484587,1021.82,318.335,0.789222,1007.05,418.42,0.617839,,,0.461423,,,0.0,1048.33,130.053,0.637924,,,0.0,,,0.295986,,,0.298126,1001.1,439.043,0.590055,,,0.324297,,,0.434264,1104.24,456.72,0.734104
90,,,0.49971,1004.2,174.113,0.627059,1021.79,174.099,0.668226,1007.13,221.311,0.518867,1036.56,247.656,0.508832,992.387,171.256,0.525173,,,0.107408,,,0.14503,948.206,297.77,0.720485,957.096,294.901,0.726382,1057.13,368.505,0.738873,1116.03,477.235,0.827026,930.523,300.708,0.643799,1018.76,365.442,0.809642,989.471,483.29,0.717886,,,0.470656,,,0.0,1048.24,150.671,0.608227,,,0.0,,,0.185907,,,0.166848,974.825,506.676,0.624669,,,0.0,,,0.0,1118.93,486.13,0.779143
91,1065.98,174.091,0.565543,1007.12,174.068,0.672852,1021.85,174.174,0.741108,1007.15,224.23,0.532017,,,0.483112,995.366,171.132,0.578025,,,0.124669,,,0.174094,948.181,294.962,0.726632,957.094,294.852,0.737072,1057.16,371.344,0.742028,1116.03,477.197,0.83,930.486,297.857,0.652475,1015.95,365.48,0.809735,989.441,483.213,0.732579,1068.76,159.403,0.53362,,,0.0,1048.29,150.634,0.681811,,,0.0,,,0.181074,,,0.161628,977.553,503.801,0.62768,,,0.375255,,,0.484334,1118.88,486.123,0.790304
92,1062.95,183.055,0.607099,1001.16,180.058,0.712098,1013.0,177.077,0.69636,1027.68,221.254,0.588413,1089.46,241.838,0.651769,983.563,180.115,0.553135,,,0.154574,,,0.159757,945.318,315.471,0.726616,957.132,315.437,0.737376,1051.31,388.901,0.775911,1115.97,492.0,0.781228,927.617,315.504,0.651121,1015.85,380.194,0.774265,977.795,483.221,0.806024,1063.01,174.228,0.606011,,,0.0573658,1045.33,159.407,0.618084,,,0.0,,,0.312696,,,0.286905,974.651,500.801,0.703738,,,0.253304,,,0.319523,1119.02,506.672,0.734547
93,1060.05,185.932,0.568572,1001.18,180.062,0.702121,1010.04,177.097,0.680406,1027.74,221.297,0.508374,1089.47,241.837,0.595408,986.477,180.092,0.54806,,,0.165832,,,0.198052,945.328,315.455,0.726137,957.112,315.429,0.735814,1051.27,386.152,0.782115,1115.95,492.022,0.779156,927.645,315.484,0.647799,1013.02,380.204,0.772233,977.772,483.269,0.799576,1060.1,177.008,0.567146,,,0.0,1045.27,159.459,0.579007,,,0.0,,,0.275486,,,0.25006,974.626,500.851,0.68533,,,0.255101,,,0.32343,1119.01,506.694,0.740783
94,1062.99,182.982,0.528744,1001.29,180.067,0.737729,1018.8,185.933,0.661844,1033.59,221.285,0.524571,1089.51,241.82,0.668245,986.492,177.021,0.625516,,,0.288192,,,0.268957,945.322,315.528,0.730272,960.001,315.53,0.737111,1051.33,388.933,0.788285,1115.94,492.052,0.791782,927.573,315.523,0.660338,1013.01,383.07,0.789171,977.789,483.309,0.806098,1062.97,174.213,0.522564,,,0.0579987,1045.29,162.415,0.591098,,,0.0,,,0.263606,,,0.242928,974.594,503.682,0.710534,,,0.279133,,,0.349953,1118.97,506.721,0.769014
95,,,0.495262,983.552,197.701,0.708512,1010.07,194.66,0.69196,1060.11,221.197,0.59294,1119.02,235.926,0.709384,954.113,200.753,0.568538,,,0.431782,,,0.0579857,948.155,330.177,0.720641,962.965,330.123,0.702704,1048.27,394.929,0.815821,1110.14,492.032,0.796068,927.496,333.035,0.668372,1010.05,389.164,0.801528,974.662,494.963,0.757026,1051.33,177.003,0.517805,,,0.0,1036.47,168.204,0.550154,,,0.0,,,0.284297,,,0.262757,959.972,506.828,0.549311,1136.51,480.3,0.560189,1139.41,486.192,0.678641,1113.01,506.745,0.777438
96,,,0.496473,983.582,197.644,0.700182,1010.03,191.79,0.680614,1060.07,221.171,0.555276,1119.05,235.931,0.66693,954.154,200.708,0.564634,,,0.395213,,,0.0568179,948.16,330.136,0.719871,962.958,330.096,0.70102,1048.28,394.921,0.816267,1110.15,492.017,0.79543,927.503,330.161,0.665197,1010.02,391.965,0.794899,974.64,497.86,0.752427,1051.35,176.998,0.519776,,,0.0,1036.48,165.356,0.544986,,,0.0,,,0.287833,,,0.265553,957.119,509.687,0.537621,1133.61,480.268,0.53202,1136.61,486.158,0.64809,1113.04,506.74,0.771954
97,1051.32,177.085,0.59281,1001.21,194.721,0.790025,974.683,194.788,0.718664,907.071,221.149,0.730608,877.525,247.659,0.709616,1027.76,194.751,0.704373,1089.51,221.209,0.674445,1148.42,227.167,0.669319,954.244,315.524,0.805606,945.249,318.399,0.766972,1048.19,389.072,0.837811,1112.97,486.112,0.82068,974.646,315.374,0.734656,1015.86,400.767,0.790103,968.86,542.056,0.655718,1048.4,171.139,0.574743,,,0.11482,1027.76,156.547,0.627616,,,0.0,,,0.317404,,,0.265806,951.157,556.767,0.655096,1139.54,480.102,0.5643,1139.58,483.275,0.680901,1113.0,503.774,0.759482
98,1051.26,177.104,0.516926,1001.2,191.842,0.795182,974.758,194.749,0.746239,909.955,221.119,0.726882,877.536,247.633,0.770619,1027.74,191.809,0.693774,1086.57,221.142,0.604115,1145.46,227.114,0.655643,957.027,315.518,0.800329,945.314,318.413,0.774433,1048.21,389.046,0.848287,1112.98,486.162,0.822149,974.65,315.35,0.723317,1015.88,397.85,0.788938,971.677,533.248,0.564987,,,0.496674,,,0.098343,1027.78,156.591,0.565514,,,0.0,,,0.277665,,,0.23699,951.148,553.933,0.607181,1139.55,480.127,0.578822,1139.59,483.302,0.69032,1113.03,503.818,0.767914
99,1051.26,156.558,0.677768,998.287,174.252,0.880348,962.913,174.121,0.785917,901.087,200.612,0.844755,851.05,227.082,0.812715,1027.76,177.1,0.831597,1092.39,200.545,0.843464,1163.08,203.673,0.726327,954.21,300.734,0.77102,936.495,303.683,0.711743,1045.27,380.106,0.796527,1115.92,477.352,0.782185,974.772,297.819,0.741567,1013.01,388.896,0.808013,971.658,527.272,0.665619,1048.22,150.618,0.755039,,,0.108525,1021.9,144.658,0.743357,,,0.0,,,0.360771,,,0.298498,951.169,536.182,0.599266,,,0.339979,,,0.419693,1119.05,489.04,0.648778
100,1051.27,156.564,0.676853,998.285,176.972,0.881273,960.065,174.182,0.795184,901.039,200.615,0.839456,851.032,227.077,0.814761,1027.78,177.124,0.828089,1092.41,200.548,0.843208,1163.07,203.67,0.728941,954.224,300.753,0.774966,936.456,303.707,0.720901,1042.47,377.249,0.794581,1115.91,477.321,0.770093,974.829,297.838,0.752566,1012.98,388.927,0.80884,968.874,527.268,0.66014,1048.21,150.624,0.756675,,,0.113392,1021.89,144.694,0.746411,,,0.0,,,0.336424,,,0.277674,951.167,536.197,0.589037,,,0.320542,,,0.387536,1121.89,486.183,0.631573
101,1051.25,156.554,0.676437,998.27,174.268,0.878295,960.062,174.162,0.789771,901.059,200.616,0.840897,851.044,227.085,0.811613,1027.74,177.106,0.830623,1092.38,200.541,0.839731,1163.06,203.672,0.726456,954.22,300.764,0.771278,936.506,306.564,0.715957,1045.2,377.279,0.794855,1115.91,477.323,0.770468,974.789,297.836,0.746328,1012.99,388.914,0.80848,971.659,524.388,0.66392,1048.21,150.616,0.753489,,,0.10863,1021.89,144.678,0.743037,,,0.0,,,0.356353,,,0.298525,951.161,533.271,0.624871,,,0.322851,,,0.390665,1121.88,486.189,0.632691
102,1045.42,100.542,0.69243,995.287,127.094,0.872948,951.267,127.113,0.835695,880.463,153.707,0.81971,812.872,200.617,0.778764,1027.75,127.099,0.829567,1092.49,150.7,0.891491,1171.87,171.109,0.780415,977.58,268.395,0.847275,957.06,271.374,0.771248,1051.21,341.823,0.836141,1115.9,439.038,0.804829,998.14,265.395,0.759331,1030.68,344.857,0.767943,1001.12,444.966,0.615602,1039.47,85.9534,0.614085,,,0.162576,1007.16,82.9942,0.691236,,,0.0,,,0.207725,,,0.215846,977.682,480.287,0.504712,1148.42,430.235,0.578251,1142.57,439.081,0.660645,1115.9,459.619,0.704744
103,1045.38,100.549,0.759391,995.321,127.074,0.875396,954.02,127.041,0.833028,880.504,153.681,0.838884,812.879,200.594,0.78073,1027.78,127.143,0.834473,1092.53,150.706,0.885475,1171.91,171.112,0.781786,977.579,268.371,0.846813,957.033,271.342,0.774797,1051.21,341.823,0.838909,1115.92,439.059,0.807363,998.165,265.374,0.761017,1030.65,344.919,0.764944,998.315,456.702,0.605702,1039.4,85.9441,0.676076,,,0.258816,1007.1,82.9669,0.720836,,,0.0,,,0.167679,,,0.183825,977.59,483.26,0.511456,1148.41,430.21,0.574415,1142.59,439.065,0.66229,1115.92,459.647,0.714805
104,,,0.248805,1001.36,124.141,0.849313,957.139,126.997,0.795646,883.417,162.333,0.801609,827.521,209.451,0.6763,1048.38,124.06,0.802014,1110.15,153.503,0.859737,1189.52,177.165,0.784194,995.318,268.2,0.8009,974.623,271.186,0.792285,1054.21,338.935,0.79378,1116.11,453.665,0.757756,1015.96,259.527,0.722561,1068.91,324.307,0.761876,1030.67,412.459,0.773771,,,0.288578,,,0.0690331,,,0.441369,,,0.0,1068.87,433.089,0.585197,1065.96,424.299,0.518372,1018.78,412.666,0.698151,1165.92,447.885,0.572817,1154.31,459.574,0.582727,1115.93,465.589,0.591656
105,,,0.237419,1001.35,124.159,0.851345,957.111,126.991,0.798016,883.412,162.341,0.803519,827.546,209.431,0.682817,1048.36,124.1,0.80423,1112.98,153.522,0.859042,1189.57,177.211,0.776914,995.303,268.205,0.799068,974.604,271.179,0.789343,1054.2,338.881,0.789095,1116.1,450.85,0.756203,1015.95,259.552,0.721054,1068.89,324.307,0.749948,1030.7,412.454,0.763124,,,0.272283,,,0.0547133,,,0.427705,,,0.0,1068.85,433.053,0.556481,,,0.498901,1018.8,412.658,0.671348,1165.92,447.886,0.545822,1157.15,459.579,0.562312,1115.96,465.565,0.598052
106,,,0.267694,1001.36,124.172,0.851803,957.128,126.999,0.797357,883.435,162.33,0.802842,830.397,206.556,0.681754,1048.35,124.101,0.800828,1113.0,153.511,0.862671,1189.56,177.202,0.776158,995.31,268.215,0.801964,974.608,271.206,0.791046,1054.2,338.931,0.798119,1118.83,453.686,0.752864,1015.96,259.546,0.721926,1068.91,324.328,0.759007,1030.68,412.51,0.756904,,,0.308071,,,0.0574754,,,0.495643,,,0.0,1068.82,433.063,0.52789,,,0.481008,1018.8,415.45,0.648343,1165.94,447.89,0.553788,1154.29,459.593,0.562063,1115.98,465.59,0.584528
107,1063.05,100.539,0.56456,1007.16,129.879,0.850143,960.017,130.107,0.792112,880.626,182.968,0.838435,830.476,244.836,0.778465,1054.24,126.934,0.793575,1116.02,171.113,0.854346,1189.55,197.818,0.831995,1001.25,271.407,0.798846,980.549,283.076,0.725849,1066.0,356.652,0.787172,1116.04,471.44,0.649228,1024.73,268.341,0.785599,1080.63,333.026,0.772461,1045.44,480.285,0.514245,1051.2,85.8784,0.539462,,,0.201017,1024.66,82.8823,0.686754,,,0.0,,,0.477805,,,0.360497,,,0.430807,1163.03,459.741,0.510603,,,0.476255,,,0.469302
108,1065.96,100.509,0.508336,1009.99,127.168,0.849937,960.041,130.033,0.800295,883.419,180.123,0.844147,830.525,244.745,0.773289,1054.21,126.939,0.797076,1115.98,171.113,0.855044,1189.53,197.807,0.829533,1001.18,271.341,0.813743,977.716,280.075,0.739916,1065.96,356.622,0.784154,1116.06,471.447,0.629222,1024.68,268.32,0.781831,1080.63,330.184,0.775082,1045.39,483.193,0.519106,,,0.469285,,,0.136521,1024.83,82.9262,0.643686,,,0.0,,,0.485184,,,0.365856,,,0.436605,,,0.452484,,,0.4361,,,0.454983
109,1092.43,129.969,0.802627,1045.41,159.478,0.842553,995.29,165.349,0.771449,930.679,235.94,0.821796,901.156,312.516,0.806607,1095.44,153.691,0.825062,1142.54,215.337,0.83413,1204.27,256.517,0.738256,1045.46,309.569,0.822998,1021.89,315.513,0.820732,1080.73,409.595,0.801298,1095.45,533.262,0.745682,1071.73,297.805,0.788817,1124.87,368.523,0.775225,1145.4,489.08,0.778856,1080.64,124.052,0.693918,1095.33,118.239,0.544667,1051.25,115.275,0.652519,,,0.0,1201.33,486.185,0.715309,1192.52,483.161,0.731304,1139.62,506.769,0.556874,1145.46,547.944,0.63126,1124.85,556.794,0.619653,1089.46,553.897,0.625345
110,1086.59,130.027,0.819983,1045.43,162.394,0.853998,995.226,165.372,0.77025,930.732,233.069,0.815639,903.939,309.5,0.781676,1098.29,156.516,0.826324,1142.62,215.371,0.83197,1207.24,262.442,0.76209,1045.44,312.475,0.838553,1021.81,318.321,0.825955,1086.5,409.687,0.799481,1095.47,530.301,0.744303,1071.77,300.715,0.777378,1124.84,371.381,0.766529,1142.51,486.211,0.779778,1071.99,124.022,0.782036,1092.52,121.189,0.70357,1048.34,112.298,0.693902,,,0.0705492,1198.43,486.169,0.699961,1192.46,483.123,0.716268,,,0.461045,1145.47,544.984,0.698291,1130.69,553.875,0.742899,1089.47,553.833,0.579979
111,1092.32,153.552,0.623334,1042.34,188.866,0.713895,983.587,197.644,0.608334,933.603,271.317,0.597029,921.742,350.798,0.583726,1092.53,180.109,0.634621,1142.53,247.616,0.728557,1192.59,300.694,0.645477,1048.27,338.887,0.69876,1030.66,341.964,0.577944,1071.84,447.875,0.603265,1071.91,553.946,0.594777,1068.83,330.137,0.519762,1133.65,406.612,0.517441,1174.84,515.622,0.545489,1077.73,147.546,0.517055,,,0.322559,1051.23,138.788,0.501534,,,0.0,,,0.311922,,,0.276429,,,0.434954,,,0.274432,,,0.295952,1068.88,577.346,0.535708
112,1089.55,153.567,0.696515,1042.36,191.764,0.755297,986.464,197.648,0.748367,933.597,271.312,0.756821,924.557,350.757,0.747161,1095.31,180.089,0.752461,1142.44,244.9,0.849389,1192.51,297.856,0.762604,1048.32,338.87,0.750237,1024.85,341.998,0.7121,1071.8,444.939,0.760282,1071.91,556.727,0.734326,1071.8,327.205,0.679445,1133.63,406.638,0.698833,1174.82,518.476,0.67742,1074.88,147.567,0.58902,,,0.409941,1048.3,138.89,0.548961,,,0.0,,,0.468645,,,0.454536,1166.08,536.156,0.566986,,,0.39965,,,0.447721,1068.81,577.294,0.619054
113,1092.3,153.566,0.687346,1042.36,191.76,0.750274,986.461,197.654,0.736588,933.598,271.307,0.742651,921.784,350.751,0.735758,1095.3,180.091,0.741042,1142.45,244.902,0.83893,1192.51,297.863,0.755467,1048.33,338.874,0.745067,1024.87,341.997,0.703291,1071.8,444.954,0.754974,1071.91,556.727,0.730754,1071.8,327.218,0.672109,1133.64,406.641,0.691744,1174.82,518.469,0.672862,1074.88,147.565,0.578995,,,0.397613,1048.32,138.883,0.541743,,,0.0,,,0.463596,,,0.449294,1166.07,536.151,0.562057,,,0.396289,,,0.443356,1068.82,577.296,0.61731
114,,,0.380735,1045.38,212.378,0.807707,992.375,221.13,0.78426,951.173,309.472,0.775247,948.212,389.03,0.726309,1098.29,200.779,0.805143,1142.52,268.377,0.867493,1189.44,327.185,0.816364,1065.9,362.539,0.779254,1039.48,368.364,0.714814,1068.93,477.278,0.812616,1062.95,580.319,0.763973,1089.55,356.641,0.729757,1148.39,453.705,0.767586,1207.25,553.811,0.797225,,,0.313085,,,0.205677,,,0.431986,,,0.0,1239.6,553.896,0.513727,1239.61,550.916,0.575259,1201.4,574.367,0.623104,1083.66,600.961,0.744233,1060.04,603.841,0.713781,1051.31,594.985,0.581348
115,,,0.487437,1045.4,212.456,0.80474,992.428,221.216,0.778265,951.168,306.639,0.758909,948.187,389.017,0.708767,1098.3,200.763,0.805685,1142.52,268.395,0.87133,1186.75,324.322,0.821991,1065.89,362.543,0.751754,1042.31,368.379,0.695474,1068.93,477.222,0.748552,1060.04,583.24,0.711939,1089.48,356.669,0.704366,1148.37,453.666,0.710301,1207.24,553.815,0.71014,,,0.413462,,,0.290177,,,0.489822,,,0.0,,,0.428753,,,0.456162,1204.26,574.337,0.546389,1086.51,601.0,0.656133,1065.87,603.942,0.634619,1048.39,597.973,0.587172
116,1071.99,177.201,0.569762,1048.24,221.257,0.898699,995.311,224.189,0.831713,957.016,309.571,0.777809,960.079,388.998,0.755387,1104.22,218.209,0.787449,1142.54,285.923,0.840797,1183.73,341.933,0.826027,1068.87,371.343,0.784537,1042.3,383.06,0.721971,1057.16,483.139,0.817702,1045.33,586.261,0.826789,1095.38,365.433,0.808059,1151.32,459.646,0.806109,1213.12,562.624,0.768315,,,0.498697,,,0.428524,1039.46,168.282,0.559269,,,0.152269,1216.03,592.044,0.540151,1236.55,577.48,0.641317,1216.11,574.384,0.525165,1045.42,615.619,0.709807,1024.83,606.832,0.715515,1048.27,597.983,0.615851
117,1071.88,177.153,0.593291,1048.28,221.228,0.896293,995.309,224.153,0.83225,957.002,309.559,0.780954,960.034,388.948,0.766099,1107.15,218.217,0.793291,1142.55,285.967,0.843405,1186.47,341.979,0.827953,1068.86,371.317,0.786535,1042.29,383.027,0.718013,1057.17,483.118,0.817842,1045.33,586.241,0.828424,1095.37,365.425,0.81316,1151.36,459.651,0.803998,1213.15,562.681,0.767027,1063.05,171.111,0.512649,,,0.473587,1039.4,168.212,0.563661,,,0.202801,1216.15,594.957,0.5716,1236.65,580.315,0.667903,1216.08,574.437,0.543235,1045.43,615.604,0.711979,1024.84,606.823,0.718753,1048.27,597.965,0.616158
118,1071.92,177.2,0.585294,1048.25,221.257,0.8973,995.336,224.181,0.833498,954.285,309.534,0.780383,960.03,388.915,0.762684,1104.23,218.217,0.790113,1142.54,285.946,0.842495,1183.74,341.948,0.832492,1068.86,371.307,0.786284,1039.5,383.017,0.716761,1060.02,483.088,0.821002,1045.34,586.158,0.830629,1095.37,365.407,0.812183,1151.27,459.598,0.809292,1213.16,562.622,0.765272,1065.87,171.168,0.511853,,,0.454466,1039.42,168.295,0.567518,,,0.173245,1216.16,594.969,0.575222,1236.67,580.326,0.671494,1216.12,574.396,0.535834,1045.46,612.675,0.710611,1024.87,603.942,0.720932,1048.28,597.907,0.610777
119,1065.99,177.071,0.522551,1045.21,221.073,0.84429,983.572,224.137,0.792423,954.118,315.385,0.774606,974.747,391.958,0.741053,1095.46,212.37,0.769885,1139.6,288.918,0.789308,1169.07,347.835,0.697558,1066.0,383.02,0.739242,1027.65,386.077,0.734497,1042.33,486.147,0.782952,1027.79,580.321,0.821658,1095.44,368.49,0.749618,1142.62,459.731,0.797967,1207.24,565.567,0.725872,,,0.467594,,,0.38557,1027.66,162.358,0.540646,,,0.163028,1201.29,589.156,0.528959,1216.08,580.407,0.60257,1213.17,574.419,0.55258,1024.87,615.587,0.733374,1009.99,603.907,0.732464,1039.49,589.168,0.698232
120,1060.05,174.276,0.733487,1045.27,221.138,0.8903,986.459,224.135,0.822041,954.158,315.316,0.824389,974.676,389.14,0.815075,1095.51,215.312,0.830859,1139.59,288.885,0.855074,1171.87,347.804,0.780015,1065.95,380.171,0.773385,1024.88,386.031,0.777934,1042.32,486.183,0.816234,1027.78,580.315,0.836092,1095.44,368.466,0.79406,1142.65,459.76,0.817471,1207.22,565.586,0.754217,1048.24,162.401,0.715052,1068.91,162.339,0.665952,1024.68,162.394,0.685095,,,0.274721,1204.24,589.181,0.598852,1219.01,580.38,0.658855,1213.03,574.457,0.580885,1024.88,615.618,0.760914,1007.14,603.926,0.750014,1039.52,589.108,0.721419
